Price,Age,KM,Weight
13500,0.278481013,0.193354705,0.268292683
13750,0.278481013,0.300149383,0.268292683
13950,0.291139241,0.171646797,0.268292683
14950,0.316455696,0.197527562,0.268292683
13750,0.367088608,0.158432751,0.276422764
12950,0.392405063,0.251025724,0.276422764
16900,0.329113924,0.389347281,0.398373984
18600,0.367088608,0.312297581,0.398373984
21500,0.329113924,0.081066177,0.300813008
12950,0.278481013,0.292746061,0.170731707
20950,0.303797468,0.129465553,0.300813008
19950,0.265822785,0.179461644,0.300813008
19600,0.303797468,0.13246145,0.300813008
21500,0.379746835,0.09464648,0.300813008
22500,0.392405063,0.140453253,0.300813008
22000,0.341772152,0.077111428,0.300813008
22750,0.367088608,0.139914156,0.300813008
17950,0.291139241,0.089362508,0.170731707
16750,0.291139241,0.105193849,0.105691057
16950,0.367088608,0.264848827,0.170731707
15950,0.367088608,0.278433245,0.170731707
16950,0.35443038,0.180675641,0.276422764
15950,0.341772152,0.231885728,0.195121951
16950,0.341772152,0.132589023,0.195121951
16250,0.35443038,0.106222659,0.195121951
15950,0.303797468,0.117074556,0.195121951
17495,0.329113924,0.142156964,0.195121951
15750,0.35443038,0.170428685,0.195121951
16950,0.341772152,0.181650953,0.195121951
17950,0.367088608,0.045633933,0.195121951
12950,0.35443038,0.040119507,0.162601626
15750,0.265822785,0.144848333,0.162601626
15950,0.329113924,0.121436714,0.162601626
14950,0.316455696,0.134531418,0.162601626
15500,0.265822785,0.168720859,0.162601626
15750,0.316455696,0.176951345,0.162601626
15950,0.303797468,0.102876967,0.162601626
14950,0.278481013,0.041148317,0.162601626
15750,0.392405063,0.104230882,0.162601626
14750,0.329113924,0.113165075,0.162601626
13950,0.265822785,0.201885604,0.162601626
16750,0.329113924,0.181346425,0.162601626
13950,0.265822785,0.193251824,0.162601626
16950,0.329113924,0.454335203,0.414634146
16950,0.265822785,0.412549023,0.414634146
19000,0.278481013,0.34567632,0.43902439
17950,0.329113924,0.32664332,0.414634146
15800,0.265822785,0.308836662,0.178861789
17950,0.265822785,0.297178178,0.414634146
21950,0.379746835,0.267412623,0.317073171
17950,0.265822785,0.257758262,0.414634146
15750,0.367088608,0.234918662,0.178861789
20500,0.316455696,0.230449508,0.292682927
21950,0.329113924,0.205206606,0.317073171
15500,0.303797468,0.20231359,0.268292683
13250,0.392405063,0.188165383,0.12195122
15250,0.341772152,0.177815547,0.178861789
15250,0.316455696,0.176951345,0.178861789
18950,0.278481013,0.163387504,0.292682927
15999,0.367088608,0.16028461,0.211382114
14950,0.265822785,0.153905983,0.178861789
16500,0.329113924,0.152988284,0.211382114
18750,0.379746835,0.150383335,0.211382114
17950,0.367088608,0.137901802,0.211382114
17950,0.329113924,0.135012901,0.178861789
16950,0.316455696,0.132428529,0.12195122
18950,0.341772152,0.12753962,0.211382114
14950,0.265822785,0.12509928,0.178861789
22250,0.265822785,0.123453183,0.447154472
15950,0.303797468,0.1222968,0.178861789
15950,0.341772152,0.12018568,0.178861789
12995,0.392405063,0.120152758,0.097560976
18950,0.341772152,0.11858485,0.211382114
15750,0.278481013,0.116156857,0.178861789
19950,0.341772152,0.115222696,0.211382114
16950,0.278481013,0.115222696,0.18699187
18750,0.379746835,0.103971621,0.211382114
18450,0.329113924,0.096658834,0.18699187
16895,0.35443038,0.092897502,0.18699187
14900,0.367088608,0.090531237,0.178861789
18950,0.303797468,0.08237894,0.292682927
17250,0.35443038,0.08230075,0.18699187
15450,0.303797468,0.069967366,0.178861789
17950,0.379746835,0.066819205,0.292682927
16650,0.303797468,0.063428245,0.178861789
17450,0.341772152,0.035127717,0.211382114
14900,0.367088608,0.028802588,0.162601626
17950,0.240506329,0.275577266,0.398373984
15950,0.227848101,0.213511167,0.162601626
21950,0.227848101,0.205778625,0.430894309
16450,0.240506329,0.197980239,0.162601626
22250,0.240506329,0.154317507,0.422764228
19950,0.189873418,0.141856551,0.422764228
15950,0.240506329,0.137152828,0.162601626
18900,0.240506329,0.131066383,0.195121951
19950,0.202531646,0.124897633,0.422764228
15950,0.227848101,0.12112807,0.162601626
15950,0.227848101,0.106778217,0.162601626
18750,0.126582278,0.100819345,0.195121951
17450,0.215189873,0.098358429,0.162601626
18990,0.240506329,0.095366648,0.195121951
16250,0.227848101,0.079008556,0.162601626
18500,0.151898734,0.074070264,0.203252033
18500,0.126582278,0.066345952,0.170731707
19450,0.126582278,0.06022247,0.25203252
16950,0.227848101,0.056572249,0.162601626
18800,0.164556962,0.047321182,0.073170732
17450,0.202531646,0.041148317,0.162601626
17950,0.240506329,0.029572138,0.170731707
32500,0.037974684,0,0.780487805
31000,0.037974684,0.016456858,0.780487805
31275,0.037974684,0.00616875,0.780487805
24950,0.088607595,0.054535204,0.520325203
24950,0.088607595,0.054535204,0.520325203
22950,0.075949367,0.041148317,0.43902439
24990,0.088607595,0.024687344,0.455284553
21950,0.088607595,0.044609237,0.43902439
17900,0.075949367,0,0.170731707
19250,0.240506329,0.259256211,0.414634146
22250,0.202531646,0.235852822,0.447154472
18950,0.151898734,0.234717015,0.18699187
19950,0.227848101,0.210280701,0.414634146
16350,0.164556962,0.164646768,0.18699187
18950,0.240506329,0.160963625,0.211382114
16950,0.202531646,0.148194025,0.211382114
21750,0.189873418,0.148144643,0.211382114
15950,0.240506329,0.148144643,0.12195122
16500,0.240506329,0.144029399,0.178861789
17950,0.202531646,0.138844193,0.219512195
15850,0.151898734,0.137761884,0.12195122
16250,0.240506329,0.134263927,0.178861789
15950,0.240506329,0.122617789,0.178861789
16250,0.227848101,0.121152762,0.178861789
15950,0.151898734,0.120864695,0.170731707
16500,0.240506329,0.11933794,0.178861789
16500,0.227848101,0.114486068,0.178861789
18450,0.227848101,0.112634208,0.219512195
16250,0.151898734,0.103576558,0.170731707
23000,0.126582278,0.102876967,0.520325203
19900,0.240506329,0.09464648,0.211382114
16450,0.240506329,0.092951,0.178861789
23950,0.227848101,0.08923082,0.300813008
19950,0.151898734,0.088177318,0.211382114
18500,0.189873418,0.084889238,0.146341463
18950,0.17721519,0.083411866,0.211382114
16450,0.189873418,0.082732851,0.178861789
20500,0.240506329,0.08230075,0.268292683
24500,0.151898734,0.082251367,0.211382114
19450,0.227848101,0.075420063,0.211382114
20950,0.164556962,0.073642278,0.243902439
17200,0.240506329,0.071189593,0.178861789
19950,0.227848101,0.0701114,0.211382114
18450,0.113924051,0.056568134,0.178861789
19500,0.139240506,0.056103112,0.18699187
21750,0.151898734,0.054226561,0.211382114
16868,0.17721519,0.05414014,0.138211382
19500,0.189873418,0.053494047,0.170731707
18900,0.126582278,0.051436426,0.18699187
19750,0.202531646,0.049374689,0.211382114
19750,0.189873418,0.048366454,0.292682927
18950,0.189873418,0.045263561,0.170731707
20750,0.202531646,0.041148317,0.170731707
19600,0.101265823,0.031477496,0.18699187
19500,0.164556962,0.026744966,0.162601626
17650,0.126582278,0.025325207,0.178861789
19950,0.164556962,0.024687344,0.211382114
19950,0.164556962,0.022460998,0.211382114
20950,0.164556962,0.021716139,0.243902439
20500,0.139240506,0.020572101,0.211382114
17795,0.101265823,0,0.105691057
18245,0.101265823,0,0.12195122
23750,0.088607595,0.045263561,0.211382114
19500,0.088607595,0.041465191,0.178861789
18950,0.088607595,0.041148317,0.178861789
21950,0.088607595,0.040275886,0.211382114
19950,0.088607595,0.035279981,0.211382114
18950,0.088607595,0.028802588,0.18699187
19950,0.075949367,0.025716155,0.18699187
21950,0.088607595,0.020572101,0.211382114
22500,0.063291139,0.012341615,0.211382114
18500,0.075949367,0.008226371,0.12195122
18700,0.075949367,0.001847744,0.178861789
21125,0.012658228,0.000921814,0.178861789
21500,0.012658228,5.76E-05,0.211382114
17795,0,0,0.162601626
18245,0,0,0.12195122
6950,0.53164557,1,0.178861789
9500,0.46835443,0.743365199,0.260162602
11950,0.493670886,0.74016354,0.333333333
7750,0.53164557,0.736040066,0.136585366
11950,0.493670886,0.662550052,0.170731707
4350,0.544303797,0.6515212,0.178861789
4750,0.544303797,0.540216215,0.178861789
11750,0.493670886,0.535232655,0.227642276
13250,0.506329114,0.507919786,0.227642276
11950,0.455696203,0.486487599,0.12195122
11900,0.544303797,0.452672645,0.154471545
14750,0.481012658,0.447927769,0.333333333
9950,0.518987342,0.434972983,0.040650407
11950,0.481012658,0.406676571,0.193495935
11495,0.544303797,0.398470776,0.12195122
11250,0.493670886,0.397190935,0.040650407
10500,0.518987342,0.379437775,0.12195122
10450,0.430379747,0.376359573,0.178861789
12950,0.53164557,0.370236092,0.227642276
11500,0.544303797,0.369367775,0.073170732
12500,0.493670886,0.351392393,0.12195122
10950,0.53164557,0.349861522,0.097560976
11450,0.506329114,0.346960276,0.130081301
11950,0.455696203,0.340503459,0.196747967
13250,0.506329114,0.333766806,0.227642276
14750,0.493670886,0.330964325,0.333333333
11790,0.417721519,0.32377088,0.170731707
11450,0.493670886,0.322733838,0.12195122
13500,0.405063291,0.321429306,0.276422764
10950,0.405063291,0.31819061,0.12195122
13500,0.405063291,0.311515685,0.170731707
10950,0.506329114,0.311507455,0.040650407
10950,0.544303797,0.308005383,0.040650407
12950,0.46835443,0.30583665,0.12195122
11950,0.53164557,0.305696731,0.12195122
12450,0.544303797,0.305231709,1
11950,0.493670886,0.300581484,0.12195122
14950,0.544303797,0.295441545,0.108943089
12450,0.430379747,0.293001206,0.12195122
12950,0.46835443,0.279029955,0.12195122
11950,0.430379747,0.271552558,0.06504065
11690,0.417721519,0.268906456,0.097560976
12450,0.518987342,0.265692451,0.130081301
12750,0.443037975,0.261145108,0.097560976
11925,0.544303797,0.261112186,0.040650407
12950,0.405063291,0.255140968,0.12195122
11950,0.518987342,0.252260297,0.048780488
12900,0.506329114,0.251848773,0.073170732
11900,0.506329114,0.251025724,0.12195122
11650,0.46835443,0.250322018,0.12195122
10950,0.544303797,0.248968103,0.12195122
13950,0.430379747,0.244852859,0.178861789
13950,0.544303797,0.242795238,0.178861789
11950,0.493670886,0.242605937,0.130081301
10950,0.46835443,0.241963959,0.12195122
12450,0.46835443,0.240173828,0.089430894
11950,0.53164557,0.239819917,0.073170732
13500,0.405063291,0.237490689,0.268292683
11690,0.405063291,0.235671752,0.12195122
13500,0.481012658,0.230453623,0.12195122
11950,0.518987342,0.23031782,0.081300813
12900,0.481012658,0.2291244,0.048780488
13500,0.53164557,0.228552381,0.138211382
11750,0.518987342,0.227980362,0.12195122
11750,0.405063291,0.2277746,0.12195122
10850,0.53164557,0.224688167,0.048780488
11750,0.53164557,0.221284861,0.12195122
14950,0.518987342,0.221062638,0.170731707
9940,0.481012658,0.220753995,0.12195122
12900,0.518987342,0.219544113,0.12195122
13500,0.46835443,0.218103778,0.12195122
11750,0.544303797,0.214334215,0.040650407
11950,0.544303797,0.213988535,0.040650407
13450,0.405063291,0.213762197,0.12195122
11950,0.506329114,0.21288565,0.040650407
12495,0.481012658,0.209350656,0.12195122
13500,0.506329114,0.209280697,0.048780488
12750,0.493670886,0.208391804,0.12195122
12000,0.481012658,0.205758048,0.097560976
11950,0.46835443,0.203700427,0.12195122
12495,0.544303797,0.203009066,0.130081301
12450,0.417721519,0.202840341,0.06504065
14750,0.493670886,0.201445273,0.333333333
10950,0.481012658,0.201416467,0.06504065
13500,0.405063291,0.201346508,0.170731707
12950,0.46835443,0.198338265,0.12195122
13500,0.430379747,0.197741554,0.170731707
13450,0.417721519,0.19757283,0.048780488
13500,0.53164557,0.197527562,0.12195122
11480,0.506329114,0.194852654,0.12195122
13450,0.481012658,0.19267569,0.097560976
11495,0.481012658,0.192153054,0.06504065
12750,0.53164557,0.191416426,0.040650407
14990,0.46835443,0.19064276,0.089430894
12950,0.430379747,0.190548109,0.097560976
12950,0.493670886,0.188827938,0.130081301
12850,0.481012658,0.188116,0.138211382
13950,0.493670886,0.187650978,0.170731707
11950,0.506329114,0.186362907,0.12195122
12950,0.481012658,0.185515167,0.12195122
11700,0.493670886,0.184482241,0.12195122
9950,0.455696203,0.184181828,0.040650407
11895,0.544303797,0.181963712,0.097560976
12950,0.53164557,0.179552179,0.12195122
12500,0.443037975,0.178708554,0.06504065
13875,0.481012658,0.177996617,0.12195122
10500,0.430379747,0.176951345,0.081300813
12295,0.405063291,0.176222947,0.12195122
13950,0.518987342,0.175140638,0.130081301
10950,0.46835443,0.171823752,0.06504065
12950,0.544303797,0.170774365,0.167479675
12850,0.493670886,0.170115926,0.130081301
13995,0.430379747,0.168720859,0.12195122
13750,0.481012658,0.164605616,0.089430894
12750,0.455696203,0.163605612,0.12195122
12500,0.506329114,0.163202318,0.073170732
13950,0.53164557,0.163165281,0.089430894
11500,0.481012658,0.16264676,0.040650407
13950,0.544303797,0.162613838,0.097560976
11895,0.506329114,0.162296964,0.097560976
9950,0.544303797,0.160490372,0.040650407
13500,0.518987342,0.160210536,0.06504065
11450,0.455696203,0.159716707,0.040650407
12450,0.518987342,0.159111766,0.12195122
12950,0.493670886,0.159062383,0.130081301
13995,0.544303797,0.158272256,0.130081301
11750,0.518987342,0.156696118,0.040650407
11650,0.481012658,0.155478006,0.097560976
9950,0.53164557,0.154630266,0.048780488
13950,0.506329114,0.154453311,0.12195122
12950,0.544303797,0.153860715,0.130081301
10950,0.46835443,0.153576764,0.040650407
9900,0.518987342,0.152259886,0.040650407
11950,0.544303797,0.152259886,0.12195122
11990,0.493670886,0.15047387,0.146341463
10750,0.443037975,0.149251643,0.12195122
13950,0.455696203,0.148449171,0.12195122
11250,0.544303797,0.148416249,0.06504065
12950,0.481012658,0.142379187,0.12195122
11950,0.506329114,0.139914156,0.12195122
10950,0.518987342,0.138362709,0.040650407
12950,0.405063291,0.138231022,0.12195122
12950,0.430379747,0.136860646,0.12195122
11695,0.53164557,0.136263935,0.12195122
11000,0.506329114,0.135798913,0.12195122
13950,0.430379747,0.135556113,0.130081301
11950,0.46835443,0.134897674,0.12195122
11750,0.493670886,0.133872979,0.06504065
12400,0.417721519,0.133457339,0.097560976
12500,0.430379747,0.131683669,0.06504065
12900,0.405063291,0.127568426,0.12195122
12200,0.506329114,0.127523159,0.073170732
12750,0.53164557,0.126506693,0.06504065
11950,0.518987342,0.124235079,0.12195122
11900,0.506329114,0.122284454,0.12195122
11950,0.544303797,0.122284454,0.113821138
14950,0.518987342,0.121971695,0.089430894
11950,0.506329114,0.119568393,0.097560976
12950,0.405063291,0.118165095,0.12195122
14950,0.506329114,0.1175725,0.146341463
13450,0.493670886,0.116712414,0.06504065
13750,0.46835443,0.115839983,0.12195122
12950,0.53164557,0.112346141,0.06504065
12750,0.405063291,0.112095112,0.12195122
11895,0.481012658,0.111807044,0.097560976
9950,0.518987342,0.111687702,0.097560976
12450,0.46835443,0.108070404,0.12195122
12500,0.46835443,0.10699221,0.097560976
14950,0.53164557,0.103815242,0.073170732
13750,0.481012658,0.103132112,0.130081301
12695,0.481012658,0.101737044,0.097560976
14990,0.405063291,0.101436631,0.089430894
12750,0.53164557,0.101037453,0.130081301
14350,0.506329114,0.100716464,0.048780488
12950,0.481012658,0.100588891,0.06504065
11500,0.430379747,0.098806991,0.040650407
11950,0.506329114,0.098761723,0.040650407
13450,0.493670886,0.09718147,0.12195122
12900,0.46835443,0.094090922,0.12195122
10500,0.506329114,0.093741127,0.056910569
10950,0.430379747,0.090136173,0.040650407
11950,0.506329114,0.089095017,0.040650407
11450,0.455696203,0.088473615,0.048780488
13250,0.544303797,0.086527105,0.130081301
10250,0.481012658,0.076127885,0.048780488
13995,0.430379747,0.074070264,0.12195122
11950,0.493670886,0.070164898,0.097560976
13250,0.405063291,0.067946782,0.138211382
12950,0.493670886,0.067177231,0.130081301
11750,0.46835443,0.065839777,0.097560976
11500,0.481012658,0.049378804,0.12195122
13500,0.53164557,0.041148317,0.097560976
6500,0.658227848,0.888888432,0.178861789
6400,0.632911392,0.815501298,0.154471545
7000,0.658227848,0.724278701,0.170731707
7750,0.670886076,0.716620233,0.162601626
8900,0.556962025,0.716048214,0.154471545
8500,0.683544304,0.617282376,0.12195122
8950,0.670886076,0.614521047,0.219512195
9900,0.632911392,0.603850222,0.130081301
10250,0.658227848,0.590586793,0.227642276
9250,0.594936709,0.584895411,0.193495935
7750,0.594936709,0.579010613,0.178861789
9450,0.670886076,0.569520862,0.154471545
7750,0.683544304,0.563784213,0.219512195
8250,0.64556962,0.556615459,0.227642276
9950,0.607594937,0.540590702,0.12195122
4450,0.696202532,0.53150013,0.178861789
9950,0.620253165,0.518969214,0.089430894
9000,0.594936709,0.492763345,0.130081301
9950,0.658227848,0.485236565,0.178861789
12450,0.582278481,0.483248902,0.268292683
10500,0.683544304,0.482199515,0.056910569
10750,0.670886076,0.475545167,0.056910569
8950,0.658227848,0.473713884,0.040650407
10500,0.670886076,0.473438162,0.227642276
5150,0.696202532,0.469121272,0.219512195
10950,0.607594937,0.443861909,0.097560976
9450,0.64556962,0.431293956,0.040650407
9950,0.670886076,0.425734262,0.12195122
10950,0.632911392,0.423940016,0.227642276
11900,0.582278481,0.421199264,0.130081301
9950,0.620253165,0.419874156,0.097560976
11950,0.670886076,0.417084021,0.130081301
7900,0.620253165,0.410964654,0.056910569
10950,0.64556962,0.408734192,0.089430894
8950,0.594936709,0.40370125,0.227642276
11950,0.632911392,0.403454335,0.130081301
10900,0.607594937,0.401643628,0.073170732
9950,0.683544304,0.400137449,0.130081301
9950,0.632911392,0.395614797,0.18699187
10950,0.670886076,0.395470763,0.130081301
8950,0.683544304,0.388478965,0.18699187
8950,0.683544304,0.387330812,0.024390244
10500,0.607594937,0.375882205,0.089430894
8950,0.658227848,0.371190828,0.040650407
9250,0.658227848,0.370766958,0.227642276
11500,0.594936709,0.366454183,0.097560976
9750,0.64556962,0.366252536,0.12195122
9950,0.556962025,0.359149626,0.06504065
11450,0.607594937,0.354816275,0.073170732
12500,0.670886076,0.348137235,0.12195122
10500,0.620253165,0.343894419,0.12195122
12950,0.620253165,0.341997292,0.12195122
12200,0.620253165,0.340758604,0.06504065
10950,0.620253165,0.340470537,0.048780488
10950,0.670886076,0.337054885,0.170731707
11290,0.607594937,0.330532224,0.113821138
10750,0.607594937,0.329585718,0.048780488
10895,0.658227848,0.328392298,0.12195122
11500,0.582278481,0.324215326,0.193495935
9750,0.594936709,0.323454006,0.12195122
10250,0.683544304,0.320079507,0.06504065
12500,0.607594937,0.319536294,0.048780488
11950,0.670886076,0.317980732,0.056910569
10750,0.620253165,0.313441619,0.097560976
11450,0.569620253,0.309663826,0.056910569
11950,0.670886076,0.309589751,0.130081301
11750,0.594936709,0.308824316,0.089430894
10950,0.620253165,0.308017728,0.097560976
11950,0.683544304,0.307466286,0.130081301
10995,0.607594937,0.307223487,0.170731707
11450,0.696202532,0.306581509,0.040650407
8900,0.607594937,0.306556817,0.12195122
10500,0.620253165,0.303017708,0.12195122
11750,0.582278481,0.302067087,0.12195122
11450,0.607594937,0.301128811,0.048780488
12000,0.64556962,0.300408644,0.089430894
11950,0.620253165,0.297289289,0.113821138
9850,0.658227848,0.2962934,0.040650407
10950,0.670886076,0.295161708,0.056910569
10950,0.670886076,0.293313964,0.130081301
8695,0.620253165,0.289873621,0.170731707
10990,0.658227848,0.289046457,0.06504065
9500,0.683544304,0.287293363,0.040650407
11950,0.607594937,0.286659616,0.040650407
10750,0.569620253,0.28630982,0.105691057
8750,0.582278481,0.283947671,0.227642276
8750,0.607594937,0.28215754,0.048780488
11450,0.683544304,0.281972354,0.18699187
9950,0.569620253,0.281536138,0.040650407
11950,0.696202532,0.274799485,0.146341463
13950,0.64556962,0.273770674,0.130081301
11250,0.670886076,0.271861201,0.146341463
10900,0.620253165,0.269424977,0.097560976
9750,0.696202532,0.269132795,0.040650407
9950,0.64556962,0.268186289,0.040650407
11950,0.696202532,0.267486697,0.12195122
10450,0.594936709,0.264165696,0.06504065
8950,0.670886076,0.263371454,0.040650407
10250,0.670886076,0.262515484,0.12195122
9930,0.658227848,0.26186939,0.056910569
10500,0.670886076,0.259811769,0.081300813
11950,0.670886076,0.259762386,0.056910569
11500,0.594936709,0.259256211,0.227642276
11500,0.683544304,0.259256211,0.056910569
11450,0.670886076,0.259202713,0.130081301
9900,0.696202532,0.258231515,0.081300813
9500,0.670886076,0.257276779,0.040650407
10500,0.620253165,0.256293236,0.097560976
10750,0.620253165,0.253791168,0.12195122
8950,0.670886076,0.251025724,0.227642276
12000,0.696202532,0.251025724,0.081300813
9940,0.658227848,0.249206787,0.170731707
10950,0.582278481,0.248342586,0.048780488
10750,0.670886076,0.247894024,0.12195122
9799,0.632911392,0.242795238,0.040650407
11750,0.632911392,0.241811695,0.097560976
11950,0.670886076,0.241745851,0.056910569
11250,0.64556962,0.24113268,0.073170732
11750,0.670886076,0.240861074,0.12195122
10950,0.683544304,0.240231441,0.081300813
11250,0.696202532,0.239264359,0.130081301
9950,0.658227848,0.238466002,0.040650407
9700,0.632911392,0.237219083,0.130081301
11950,0.582278481,0.236622373,0.170731707
9900,0.658227848,0.236519492,0.06504065
9990,0.683544304,0.233507134,0.073170732
9475,0.594936709,0.233227297,0.040650407
11500,0.670886076,0.229943333,0.12195122
11950,0.658227848,0.228391886,0.056910569
11500,0.683544304,0.22592274,0.097560976
10500,0.620253165,0.22413261,0.12195122
10900,0.569620253,0.220984448,0.097560976
11700,0.64556962,0.22041243,0.097560976
11900,0.632911392,0.219782797,0.130081301
13950,0.632911392,0.219206663,0.130081301
10950,0.607594937,0.218581146,0.040650407
10500,0.696202532,0.215832164,0.040650407
10750,0.683544304,0.214601706,0.138211382
11950,0.683544304,0.214568784,0.113821138
10000,0.696202532,0.213988535,0.040650407
10495,0.594936709,0.209737489,0.097560976
11450,0.620253165,0.207404146,0.130081301
9400,0.670886076,0.205758048,0.040650407
11950,0.632911392,0.205758048,0.073170732
9650,0.658227848,0.205630476,0.12195122
18950,0.607594937,0.203980263,0.170731707
11450,0.632911392,0.203589315,0.089430894
10250,0.64556962,0.20342059,0.081300813
11450,0.594936709,0.203358862,0.073170732
9950,0.670886076,0.203148984,0.040650407
10500,0.696202532,0.200535805,0.089430894
13750,0.670886076,0.199050202,0.130081301
9950,0.594936709,0.197819744,0.040650407
10250,0.670886076,0.196918506,0.048780488
10850,0.670886076,0.196572825,0.089430894
11895,0.64556962,0.196247721,0.12195122
12950,0.658227848,0.195268293,0.089430894
11950,0.620253165,0.194313557,0.130081301
10750,0.696202532,0.194280635,0.113821138
9550,0.670886076,0.192819724,0.097560976
10950,0.696202532,0.191354697,0.056910569
11750,0.64556962,0.19114482,0.056910569
10950,0.582278481,0.190906135,0.12195122
12450,0.670886076,0.190243581,0.089430894
10500,0.64556962,0.189416417,0.048780488
10900,0.620253165,0.189297075,0.040650407
12950,0.620253165,0.188885551,0.12195122
10950,0.582278481,0.188679789,0.097560976
12500,0.696202532,0.186564554,0.130081301
9950,0.683544304,0.183276474,0.040650407
10750,0.696202532,0.179832016,0.040650407
12500,0.594936709,0.177445175,0.048780488
10450,0.607594937,0.171642682,0.06504065
10750,0.64556962,0.171601529,0.040650407
12950,0.607594937,0.171338154,0.170731707
10995,0.620253165,0.16984432,0.097560976
11950,0.607594937,0.168045959,0.12195122
11250,0.620253165,0.166251713,0.097560976
11950,0.582278481,0.166091218,0.146341463
13750,0.670886076,0.16594307,0.073170732
11000,0.582278481,0.164605616,0.130081301
13500,0.620253165,0.163395734,0.130081301
10950,0.670886076,0.161687908,0.06504065
10750,0.670886076,0.160490372,0.040650407
8950,0.582278481,0.160078848,0.040650407
12950,0.632911392,0.158033572,0.089430894
9750,0.696202532,0.154157013,0.040650407
10900,0.670886076,0.152259886,0.040650407
10995,0.683544304,0.149815431,0.056910569
10750,0.594936709,0.148165219,0.105691057
10950,0.64556962,0.148144643,0.12195122
13000,0.607594937,0.148144643,0.130081301
12950,0.556962025,0.148144643,0.113821138
11500,0.64556962,0.147416245,0.12195122
10950,0.696202532,0.144975905,0.040650407
11710,0.594936709,0.144613764,0.089430894
9980,0.607594937,0.143576723,0.040650407
12250,0.632911392,0.143543801,0.12195122
11500,0.569620253,0.139914156,0.12195122
11950,0.696202532,0.139905926,0.130081301
11500,0.683544304,0.136745419,0.081300813
11900,0.569620253,0.135885333,0.130081301
11930,0.607594937,0.131679554,0.048780488
10500,0.64556962,0.129951152,0.040650407
8950,0.696202532,0.127568426,0.040650407
10450,0.569620253,0.126770069,0.097560976
10500,0.683544304,0.12535031,0.081300813
12950,0.620253165,0.122160997,0.12195122
9950,0.683544304,0.122012848,0.040650407
12900,0.64556962,0.121395561,0.089430894
9950,0.594936709,0.117922296,0.138211382
9950,0.683544304,0.113165075,0.040650407
10950,0.594936709,0.110852308,0.06504065
10950,0.658227848,0.109560122,0.097560976
9950,0.582278481,0.107901679,0.040650407
10950,0.620253165,0.093197914,0.097560976
10800,0.620253165,0.092588858,0.040650407
10500,0.696202532,0.079473578,0.040650407
10450,0.620253165,0.072502356,0.048780488
10600,0.632911392,0.070238972,0.040650407
10450,0.594936709,0.061724534,0.040650407
12950,0.620253165,0.042012519,0.105691057
11250,0.582278481,0.021843711,0.113821138
7500,0.620253165,0,0.422764228
8950,0.64556962,0.127568426,0.040650407
6950,0.721518987,0.843620756,0.162601626
7900,0.848101266,0.840534323,0.18699187
5950,0.848101266,0.800595887,0
7500,0.734177215,0.785595825,0.18699187
7500,0.772151899,0.755143025,0.227642276
6900,0.810126582,0.725035905,0.18699187
5751,0.835443038,0.719476212,0.162601626
6950,0.848101266,0.640821567,0.024390244
7950,0.835443038,0.639916214,0.081300813
7750,0.734177215,0.636965584,0.195121951
7950,0.797468354,0.635644591,0.219512195
8250,0.797468354,0.619689793,0.105691057
6250,0.835443038,0.613167132,0.219512195
9500,0.772151899,0.607553941,0.219512195
6900,0.734177215,0.594734958,0.219512195
8450,0.797468354,0.592590916,0.105691057
7350,0.810126582,0.576821304,0.18699187
8950,0.848101266,0.576129943,0.138211382
6900,0.746835443,0.575306894,0.18699187
8950,0.734177215,0.563989975,0.126829268
8750,0.759493671,0.563603142,0.105691057
7950,0.835443038,0.556940564,0.195121951
8950,0.797468354,0.550487862,0.195121951
8950,0.721518987,0.548989914,0.219512195
8950,0.810126582,0.546528998,0.219512195
7950,0.797468354,0.544825287,0.219512195
7750,0.746835443,0.536088626,0.081300813
7500,0.734177215,0.53497751,0.219512195
8950,0.835443038,0.52263178,0.219512195
9800,0.835443038,0.521808732,0.219512195
9450,0.82278481,0.520376627,0.138211382
8950,0.772151899,0.515121461,0.243902439
8750,0.848101266,0.514401294,0.18699187
10500,0.759493671,0.506170807,0.219512195
7995,0.734177215,0.500516463,0.081300813
10450,0.797468354,0.495471175,0.146341463
9950,0.82278481,0.493825077,0.162601626
9950,0.848101266,0.491936181,0.089430894
8950,0.848101266,0.491767456,0.113821138
7950,0.848101266,0.49089914,0.056910569
10950,0.708860759,0.489022589,0.105691057
9950,0.797468354,0.485594591,0.243902439
8600,0.848101266,0.485409405,0.105691057
7250,0.810126582,0.483985531,0.024390244
6950,0.848101266,0.481479348,0.18699187
8000,0.797468354,0.477364104,0.073170732
9950,0.721518987,0.47619126,0.113821138
9450,0.746835443,0.474034873,0.128455285
7950,0.848101266,0.473541043,0.089430894
9450,0.784810127,0.473248861,0.177235772
9950,0.797468354,0.472615114,0.12195122
6950,0.810126582,0.470709756,0.422764228
8250,0.734177215,0.467899045,0.105691057
9950,0.835443038,0.465503973,0.032520325
8250,0.734177215,0.464306437,0.06504065
9950,0.848101266,0.4613805,0.113821138
10500,0.82278481,0.460903131,0.105691057
7950,0.772151899,0.460903131,0.219512195
9750,0.810126582,0.45995251,0.105691057
9250,0.759493671,0.456182947,0.113821138
9500,0.848101266,0.45385372,0.081300813
9950,0.772151899,0.45080844,0.12195122
7750,0.784810127,0.449503907,0.081300813
9500,0.848101266,0.449174688,0.12195122
9950,0.835443038,0.447705546,0.056910569
9750,0.797468354,0.439438022,0.081300813
9750,0.721518987,0.435972988,0.06504065
5950,0.734177215,0.432096428,0.024390244
8500,0.772151899,0.432096428,0.06504065
8495,0.848101266,0.429211643,0.138211382
9250,0.835443038,0.427981185,0.032520325
6900,0.848101266,0.427981185,0.024390244
8950,0.721518987,0.425750723,0.040650407
9500,0.784810127,0.425512039,0.12195122
9250,0.784810127,0.4230717,0.089430894
9895,0.848101266,0.421783629,0.146341463
9950,0.708860759,0.420985272,0.219512195
7950,0.759493671,0.420186914,0.081300813
8750,0.848101266,0.419293907,0.12195122
8250,0.708860759,0.418890613,0.18699187
8950,0.784810127,0.417565504,0.105691057
8950,0.848101266,0.415639571,0.12195122
8950,0.759493671,0.414598414,0.113821138
8950,0.810126582,0.413783596,0.12195122
9450,0.835443038,0.410618974,0.138211382
8950,0.734177215,0.405997556,0.032520325
9250,0.810126582,0.405347347,0.12195122
8750,0.797468354,0.404487261,0
9950,0.759493671,0.40184116,0.105691057
9950,0.759493671,0.400923461,0.12195122
9900,0.810126582,0.399886419,0.024390244
8950,0.82278481,0.399363783,0
8950,0.835443038,0.395059239,0.081300813
12250,0.746835443,0.395059239,0.162601626
9250,0.835443038,0.394030428,0.113821138
10250,0.759493671,0.391548936,0.081300813
8950,0.848101266,0.390943996,0.081300813
7999,0.810126582,0.390943996,0.081300813
9900,0.82278481,0.38932259,0.105691057
8250,0.784810127,0.388902835,0
10500,0.810126582,0.384474833,0.12195122
8450,0.810126582,0.384392528,0.024390244
9900,0.848101266,0.383931621,0.146341463
10500,0.772151899,0.383116803,0.12195122
8500,0.835443038,0.38239252,0.162601626
9500,0.759493671,0.380647657,0.081300813
9450,0.810126582,0.379528311,0.105691057
9900,0.848101266,0.37656122,0.18699187
8250,0.797468354,0.375853399,0.081300813
8750,0.810126582,0.375495372,0.024390244
9500,0.721518987,0.374483023,0.12195122
8450,0.848101266,0.373359561,0.081300813
8490,0.772151899,0.370367779,0.081300813
8750,0.746835443,0.368622916,0.056910569
9750,0.797468354,0.366849246,0.040650407
9950,0.784810127,0.366252536,0.138211382
8500,0.848101266,0.365458294,0.081300813
8450,0.784810127,0.364956234,0.113821138
7900,0.772151899,0.36488216,0.06504065
8750,0.708860759,0.36411261,0.081300813
7950,0.759493671,0.362659929,0.024390244
6900,0.772151899,0.362137293,0.032520325
8150,0.810126582,0.361400664,0.024390244
10995,0.734177215,0.360713419,0.105691057
8900,0.734177215,0.357561142,0.081300813
9500,0.734177215,0.357491183,0.06504065
8950,0.848101266,0.35684509,0.056910569
11500,0.810126582,0.353450014,0.105691057
10450,0.772151899,0.349791563,0.081300813
10500,0.746835443,0.349791563,0.040650407
9250,0.848101266,0.349692797,0.056910569
10950,0.810126582,0.347972625,0.195121951
10450,0.772151899,0.347935588,0.12195122
9250,0.848101266,0.347659867,0.12195122
8750,0.772151899,0.345297717,0.113821138
8750,0.835443038,0.343865613,0.024390244
9800,0.848101266,0.341561076,0.162601626
8250,0.797468354,0.340421154,0.024390244
10450,0.772151899,0.339178351,0.105691057
9750,0.721518987,0.338491105,0.081300813
8950,0.759493671,0.337919086,0.089430894
7450,0.810126582,0.337445833,0.024390244
8450,0.848101266,0.3373018,0.056910569
8250,0.82278481,0.334359401,0.081300813
10950,0.810126582,0.334120717,0.105691057
8950,0.759493671,0.334030181,0.06504065
8750,0.82278481,0.333672155,0.024390244
10450,0.759493671,0.33215363,0.12195122
10950,0.708860759,0.331149511,0.138211382
8450,0.810126582,0.331021938,0.056910569
9950,0.734177215,0.330984901,0.105691057
9950,0.848101266,0.33096844,0.089430894
8750,0.772151899,0.330305886,0.024390244
9950,0.810126582,0.329844979,0.113821138
9500,0.848101266,0.329713291,0.113821138
8250,0.810126582,0.329569257,0.056910569
10950,0.772151899,0.329215347,0.12195122
7950,0.746835443,0.329215347,0.024390244
8250,0.810126582,0.329215347,0.024390244
9895,0.835443038,0.328630982,0.06504065
9130,0.835443038,0.328235919,0.024390244
10950,0.734177215,0.327816164,0.105691057
10500,0.746835443,0.32571739,0.12195122
8900,0.759493671,0.325100103,0.081300813
9500,0.708860759,0.324914917,0.073170732
10950,0.734177215,0.324071292,0.25203252
7950,0.848101266,0.323128902,0.024390244
7950,0.797468354,0.322449887,0.024390244
7950,0.810126582,0.321297619,0.024390244
9500,0.759493671,0.32124412,0.162601626
10950,0.835443038,0.320248231,0.12195122
9750,0.848101266,0.319729711,0.056910569
9750,0.810126582,0.318927238,0.081300813
9450,0.784810127,0.318750283,0.089430894
8950,0.848101266,0.316988959,0.024390244
8950,0.848101266,0.316902539,0.024390244
8900,0.82278481,0.316009531,0.113821138
9950,0.759493671,0.315635044,0.056910569
8750,0.835443038,0.315095947,0.032520325
8950,0.734177215,0.313421043,0.12195122
8990,0.810126582,0.313392236,0.056910569
8950,0.759493671,0.311145313,0.024390244
8950,0.772151899,0.310980704,0.195121951
9950,0.835443038,0.31040457,0.105691057
9900,0.848101266,0.30863913,0.12195122
8950,0.810126582,0.30863913,0.024390244
8950,0.772151899,0.30863913,0.113821138
9500,0.82278481,0.308486866,0.138211382
7950,0.848101266,0.308182338,0.024390244
7750,0.848101266,0.308124725,0.113821138
8950,0.784810127,0.307597974,0.12195122
11950,0.746835443,0.307486862,0.138211382
8950,0.772151899,0.306404553,0.12195122
11950,0.746835443,0.305910724,0.056910569
8950,0.848101266,0.305791382,0.081300813
9950,0.797468354,0.305318129,0.081300813
8250,0.810126582,0.305260515,0.081300813
8995,0.835443038,0.304260511,0.081300813
9995,0.759493671,0.304087671,0.105691057
9250,0.797468354,0.302466265,0.081300813
10950,0.797468354,0.301955975,0.113821138
8900,0.797468354,0.301643217,0.024390244
9500,0.721518987,0.301116465,0.12195122
9950,0.721518987,0.300112346,0.12195122
7950,0.835443038,0.299914814,0.024390244
8250,0.784810127,0.298441557,0.081300813
9450,0.797468354,0.2962934,0.024390244
7950,0.708860759,0.2962934,0.024390244
9500,0.734177215,0.293684336,0.105691057
8950,0.810126582,0.293482689,0.081300813
10950,0.772151899,0.292178157,0.113821138
8950,0.746835443,0.291988856,0.081300813
9450,0.784810127,0.291799555,0.056910569
8000,0.721518987,0.29036745,0.081300813
9900,0.835443038,0.290334528,0.12195122
8950,0.772151899,0.290120535,0.056910569
10900,0.746835443,0.289927119,0.219512195
9450,0.734177215,0.288960037,0.081300813
8450,0.797468354,0.288540282,0.056910569
9500,0.810126582,0.28834275,0.12195122
10500,0.835443038,0.288062914,0.105691057
6950,0.848101266,0.288062914,0.024390244
9750,0.848101266,0.284371541,0.056910569
6950,0.721518987,0.284038206,0.056910569
9650,0.835443038,0.283947671,0.105691057
9950,0.848101266,0.283392113,0.105691057
9250,0.721518987,0.282807748,0.040650407
8950,0.784810127,0.281696632,0.113821138
9900,0.784810127,0.280811855,0.081300813
10995,0.784810127,0.28046206,0.138211382
10500,0.810126582,0.279832427,0.12195122
8950,0.810126582,0.279832427,0.024390244
9750,0.835443038,0.278852999,0.105691057
10950,0.848101266,0.27631801,0.12195122
9750,0.835443038,0.276169861,0.056910569
9950,0.734177215,0.275758336,0.105691057
10500,0.810126582,0.27572953,0.056910569
10400,0.848101266,0.274832407,0.073170732
8800,0.848101266,0.273865325,0.016260163
10500,0.759493671,0.272667789,0.105691057
9250,0.772151899,0.271939391,0.113821138
7800,0.810126582,0.271601941,0.024390244
9950,0.759493671,0.271601941,0.081300813
10750,0.784810127,0.271173955,0.105691057
10950,0.835443038,0.270717163,0.12195122
9950,0.810126582,0.269597817,0.113821138
9950,0.734177215,0.269392055,0.113821138
8100,0.848101266,0.269132795,0
9250,0.746835443,0.268552545,0.081300813
7800,0.797468354,0.267486697,0.081300813
9000,0.848101266,0.267486697,0.113821138
8950,0.708860759,0.267486697,0.056910569
8950,0.772151899,0.267346779,0.032520325
9950,0.848101266,0.267280935,0.12195122
8500,0.746835443,0.267132787,0.113821138
7995,0.772151899,0.266651303,0.12195122
8750,0.810126582,0.266548422,0.081300813
9750,0.784810127,0.266210972,0.032520325
10950,0.810126582,0.265964057,0.113821138
9750,0.835443038,0.265894098,0.138211382
8200,0.746835443,0.264947592,0.024390244
8950,0.848101266,0.263371454,0.12195122
9500,0.82278481,0.26288174,0.024390244
10950,0.721518987,0.262836473,0.219512195
9750,0.82278481,0.260606011,0.105691057
9950,0.810126582,0.259256211,0.105691057
10450,0.759493671,0.259256211,0.081300813
9850,0.810126582,0.256770604,0.081300813
9450,0.772151899,0.256692414,0.12195122
10295,0.835443038,0.256441385,0.081300813
9750,0.848101266,0.256342619,0.105691057
8950,0.810126582,0.256066897,0.081300813
9900,0.848101266,0.256054552,0.12195122
8750,0.82278481,0.255696526,0.056910569
9950,0.721518987,0.255239733,0.12195122
8500,0.746835443,0.255046317,0.024390244
9950,0.772151899,0.254852901,0.056910569
10950,0.708860759,0.25383232,0.081300813
9795,0.848101266,0.253363183,0.056910569
8750,0.848101266,0.253099807,0.056910569
8250,0.810126582,0.252605978,0.081300813
9950,0.721518987,0.252437253,0.12195122
9950,0.772151899,0.252070996,0.12195122
10500,0.734177215,0.251708855,0.081300813
9750,0.772151899,0.251638896,0.06504065
11250,0.759493671,0.251618319,0.146341463
8900,0.734177215,0.25154836,0.081300813
7950,0.746835443,0.251437249,0.024390244
11500,0.848101266,0.251437249,0.12195122
9450,0.708860759,0.251025724,0.081300813
7995,0.810126582,0.249889917,0.024390244
10995,0.734177215,0.249824073,0.073170732
8950,0.759493671,0.249099791,0.081300813
8250,0.835443038,0.246910481,0.048780488
8950,0.82278481,0.246910481,0.024390244
8950,0.810126582,0.246910481,0.024390244
9500,0.772151899,0.244009235,0.056910569
7500,0.810126582,0.243881662,0.024390244
8950,0.784810127,0.242795238,0.081300813
9950,0.784810127,0.242795238,0.056910569
9750,0.810126582,0.242795238,0.12195122
9450,0.759493671,0.242795238,0.113821138
9950,0.810126582,0.242795238,0.081300813
9750,0.848101266,0.242219104,0.089430894
8950,0.810126582,0.242091531,0.081300813
8250,0.82278481,0.241371364,0.113821138
7750,0.810126582,0.239914568,0.024390244
8950,0.746835443,0.239786995,0.081300813
9950,0.797468354,0.239239668,0.12195122
9450,0.82278481,0.239145017,0.138211382
12950,0.835443038,0.238918679,0.105691057
9950,0.721518987,0.238679995,0.081300813
10495,0.772151899,0.238679995,0.105691057
7950,0.848101266,0.236889864,0.056910569
10500,0.784810127,0.236264347,0.18699187
8950,0.810126582,0.236103852,0.12195122
9900,0.772151899,0.23530138,0.12195122
9995,0.759493671,0.235260227,0.105691057
9950,0.784810127,0.235075041,0.105691057
9950,0.784810127,0.234564751,0.081300813
8250,0.835443038,0.234564751,0.081300813
9950,0.784810127,0.234564751,0.056910569
8950,0.734177215,0.231515356,0.024390244
10950,0.772151899,0.231309594,0.130081301
9250,0.835443038,0.230754036,0
9950,0.784810127,0.230210824,0.113821138
9995,0.708860759,0.22980753,0.073170732
8750,0.759493671,0.229408351,0.032520325
10950,0.721518987,0.228301351,0.073170732
10350,0.746835443,0.22668406,0.170731707
9950,0.810126582,0.226585295,0.113821138
8950,0.810126582,0.226334265,0.024390244
10950,0.708860759,0.226334265,0.12195122
10950,0.784810127,0.226070889,0.12195122
8950,0.848101266,0.225819859,0.113821138
8900,0.835443038,0.225704633,0.081300813
10250,0.746835443,0.224498866,0.105691057
9450,0.759493671,0.222733427,0.056910569
9250,0.759493671,0.222219021,0.089430894
10500,0.708860759,0.222219021,0.12195122
7350,0.721518987,0.222219021,0.056910569
10250,0.708860759,0.222219021,0.219512195
10250,0.772151899,0.219276623,0.12195122
11500,0.810126582,0.218321886,0.12195122
8950,0.848101266,0.218103778,0.12195122
7750,0.848101266,0.218103778,0.024390244
9500,0.797468354,0.21797209,0.081300813
8450,0.835443038,0.21728073,0.024390244
8950,0.708860759,0.216243688,0.081300813
8400,0.746835443,0.215992658,0.056910569
9250,0.82278481,0.215564673,0.024390244
8900,0.759493671,0.214449442,0.056910569
8750,0.721518987,0.212803345,0.081300813
10950,0.721518987,0.211605809,0.170731707
8950,0.759493671,0.210840374,0
8950,0.810126582,0.209873292,0.024390244
8895,0.759493671,0.209564648,0.113821138
9390,0.82278481,0.209074934,0.780487805
8750,0.734177215,0.207688097,0.113821138
9750,0.759493671,0.206469985,0.12195122
9950,0.772151899,0.205758048,0.12195122
10950,0.810126582,0.205519364,0.105691057
9900,0.835443038,0.204050222,0.138211382
9500,0.772151899,0.202704538,0.056910569
9950,0.759493671,0.201642805,0.081300813
9950,0.784810127,0.200564611,0.089430894
10500,0.772151899,0.196498751,0.06504065
9950,0.784810127,0.195930847,0.024390244
10495,0.848101266,0.19546994,0.056910569
9500,0.82278481,0.194387631,0.081300813
8500,0.721518987,0.194116025,0.024390244
10450,0.746835443,0.193659233,0.056910569
8950,0.810126582,0.193469932,0.024390244
9900,0.734177215,0.193120136,0.040650407
8900,0.784810127,0.189297075,0.056910569
8745,0.810126582,0.187984313,0.081300813
8750,0.810126582,0.187441101,0.024390244
10750,0.708860759,0.185181832,0.081300813
9750,0.708860759,0.185181832,0.081300813
8850,0.810126582,0.185181832,0.12195122
7950,0.82278481,0.185181832,0.056910569
9450,0.784810127,0.185181832,0.056910569
9950,0.759493671,0.185181832,0.138211382
8250,0.784810127,0.184951378,0.056910569
9950,0.759493671,0.183523389,0.024390244
9995,0.848101266,0.18295137,0.024390244
9950,0.734177215,0.180317614,0.113821138
10495,0.746835443,0.178704439,0.113821138
7950,0.721518987,0.176951345,0.185365854
8950,0.848101266,0.176951345,0.056910569
9695,0.708860759,0.176951345,0.12195122
7750,0.797468354,0.176951345,0.024390244
9950,0.848101266,0.175922535,0.081300813
9950,0.835443038,0.173255857,0.12195122
9950,0.784810127,0.171132391,0.185365854
9900,0.797468354,0.169543908,0.113821138
10950,0.708860759,0.165486278,0.040650407
8950,0.746835443,0.164605616,0
8950,0.82278481,0.161403956,0.073170732
8250,0.82278481,0.161082967,0.081300813
10250,0.772151899,0.160490372,0.12195122
8750,0.759493671,0.156453319,0.113821138
9750,0.848101266,0.155383355,0.113821138
10950,0.759493671,0.154317507,0.138211382
10950,0.746835443,0.152716678,0.081300813
9750,0.772151899,0.152259886,0.024390244
8900,0.734177215,0.152070585,0.081300813
9500,0.746835443,0.152025317,0.113821138
9950,0.784810127,0.151943012,0.081300813
9950,0.82278481,0.150852473,0.081300813
8250,0.810126582,0.148144643,0.024390244
10450,0.810126582,0.148144643,0.105691057
10950,0.772151899,0.146136404,0.105691057
9250,0.810126582,0.145194013,0.024390244
8900,0.848101266,0.144029399,0.081300813
10900,0.708860759,0.144029399,0.073170732
9750,0.797468354,0.140383294,0.081300813
11950,0.721518987,0.139914156,0.12195122
7900,0.848101266,0.139284524,0
10900,0.708860759,0.138000568,0.056910569
10450,0.810126582,0.135798913,0.081300813
10950,0.734177215,0.132300956,0.138211382
9950,0.810126582,0.129988189,0.024390244
10750,0.746835443,0.129543743,0.105691057
9900,0.708860759,0.128831806,0.113821138
10750,0.848101266,0.127568426,0.056910569
10450,0.721518987,0.126062247,0.12195122
9450,0.848101266,0.124687756,0
10750,0.746835443,0.117280318,0.073170732
10950,0.746835443,0.117280318,0.12195122
10000,0.708860759,0.115222696,0.024390244
10500,0.848101266,0.10986465,0.089430894
12500,0.772151899,0.10699221,0.138211382
8950,0.772151899,0.104955164,0.056910569
10500,0.721518987,0.102876967,0.12195122
9245,0.82278481,0.093967465,0.081300813
10950,0.734177215,0.093432483,0.12195122
9500,0.784810127,0.09126375,0.024390244
10900,0.772151899,0.071374779,0.081300813
10950,0.835443038,0.063926189,0.048780488
9450,0.82278481,0.062177211,0.056910569
5900,0.911392405,0.958600653,0.279674797
6950,0.987341772,0.897604517,0.243902439
6000,0.974683544,0.896147721,0.219512195
5250,0.987341772,0.85232038,0.185365854
4400,0.924050633,0.836435541,0.219512195
6750,0.962025316,0.826056897,0.162601626
8500,0.860759494,0.812760546,0.219512195
6150,1,0.801501241,0.195121951
6950,0.949367089,0.788558801,0.243902439
5750,0.949367089,0.754225326,0.18699187
8750,0.974683544,0.742295236,0.162601626
6500,0.873417722,0.735801382,0.18699187
5950,0.911392405,0.725007099,0.12195122
6500,0.974683544,0.724278701,0.056910569
10500,0.962025316,0.711850666,0.219512195
8500,0.962025316,0.699587241,0.162601626
7950,0.886075949,0.674895781,0.081300813
5800,0.974683544,0.665739365,0.024390244
6750,1,0.658434808,0.024390244
6950,0.974683544,0.658303121,0.18699187
5740,0.924050633,0.658056206,0.081300813
6550,0.911392405,0.652229022,0.024390244
8950,0.860759494,0.642813345,0.18699187
6750,0.911392405,0.642669311,0.056910569
7950,0.974683544,0.638722793,0.081300813
7950,0.860759494,0.637858592,0.18699187
7450,0.949367089,0.637447068,0.227642276
7750,0.873417722,0.622632192,0.243902439
6450,0.886075949,0.621397619,0.152845528
7900,0.936708861,0.617282376,0.219512195
6900,0.860759494,0.602072437,0.18699187
5600,0.936708861,0.601632105,0.024390244
5950,0.962025316,0.600804942,0.056910569
6950,1,0.590780209,0.073170732
7950,0.886075949,0.57261141,0.18699187
8950,0.987341772,0.569957078,0.081300813
7950,0.924050633,0.566833608,0.219512195
9500,1,0.564516726,0.219512195
8600,0.949367089,0.555096935,0.18699187
5950,0.886075949,0.554154544,0.219512195
7750,0.911392405,0.553656599,0.113821138
7950,0.987341772,0.541150375,0.227642276
6950,0.962025316,0.540356133,0.081300813
7250,0.924050633,0.535080391,0.081300813
6500,0.974683544,0.53497751,0.024390244
7250,0.962025316,0.530697657,0.113821138
9250,1,0.528191474,0.113821138
8250,0.911392405,0.526771715,0.081300813
7250,0.886075949,0.523286104,0.18699187
5250,0.898734177,0.520483623,0.056910569
7900,0.962025316,0.518516537,0.081300813
6900,0.949367089,0.517602953,0.081300813
7900,0.936708861,0.516047391,0.081300813
7250,0.924050633,0.514030922,0.219512195
8450,0.873417722,0.513343676,0.081300813
7950,0.949367089,0.512718159,0.12195122
7950,0.924050633,0.510520619,0.081300813
6450,0.898734177,0.50782925,0.081300813
6650,0.936708861,0.506598793,0.113821138
7950,0.924050633,0.506487681,0.024390244
7250,1,0.505430063,0.06504065
7450,0.962025316,0.503248985,0.081300813
7950,0.924050633,0.50164404,0.056910569
7250,0.962025316,0.500183128,0.113821138
8250,0.886075949,0.495775703,0.18699187
8950,0.949367089,0.494907386,0.219512195
7750,0.924050633,0.494631665,0.081300813
8500,0.886075949,0.493825077,0.138211382
7750,0.974683544,0.493825077,0.12195122
5750,0.911392405,0.476857929,0.056910569
6900,0.949367089,0.47466862,0.113821138
6500,0.886075949,0.473894954,0.081300813
6500,0.974683544,0.473248861,0.162601626
7600,0.962025316,0.470195351,0.081300813
8950,0.911392405,0.464866111,0.219512195
7450,0.924050633,0.462166511,0.113821138
7350,0.898734177,0.460903131,0.024390244
7750,0.911392405,0.459265264,0.024390244
7460,1,0.458401063,0.13495935
9250,0.949367089,0.456380479,0.138211382
7250,1,0.456322866,0.089430894
6500,0.898734177,0.455281709,0.024390244
6800,1,0.452672645,0.056910569
8700,0.936708861,0.450779633,0.138211382
7500,0.974683544,0.44963971,0.113821138
7750,0.886075949,0.44245038,0.081300813
7950,0.911392405,0.440771361,0.081300813
9950,0.936708861,0.440326915,0.081300813
6640,0.924050633,0.437240482,0.113821138
8750,0.886075949,0.436828958,0.024390244
7750,0.898734177,0.436656118,0.081300813
5950,0.898734177,0.435619077,0.024390244
6750,0.962025316,0.432721945,0.024390244
6500,1,0.432651986,0.081300813
8750,0.949367089,0.429396829,0.081300813
7950,0.924050633,0.428598472,0.081300813
6750,0.924050633,0.427981185,0.016260163
7950,0.911392405,0.424363886,0.056910569
7950,1,0.420985272,0.024390244
8950,0.936708861,0.419771275,0.170731707
7750,0.962025316,0.419750699,0.024390244
6450,0.936708861,0.419153988,0.113821138
6900,0.924050633,0.418816538,0.081300813
8450,0.936708861,0.416289779,0.138211382
6750,0.924050633,0.415635455,0.024390244
8050,0.924050633,0.41453257,0.048780488
9500,0.987341772,0.414479072,0.113821138
7750,0.974683544,0.413524335,0.056910569
8500,1,0.413404993,0.138211382
7795,0.936708861,0.412310339,0.081300813
6490,1,0.412026387,0.081300813
7950,0.911392405,0.41140087,0.081300813
6425,0.987341772,0.40903872,0.056910569
8950,0.860759494,0.40894407,0.056910569
6950,0.898734177,0.408413203,0.185365854
8750,0.987341772,0.406343236,0.138211382
8450,0.886075949,0.403923473,0.081300813
7950,0.962025316,0.403289725,0.105691057
7950,1,0.401429636,0.056910569
8900,0.974683544,0.401372022,0.113821138
8950,0.911392405,0.401207412,0.138211382
8900,0.911392405,0.399524278,0.138211382
7950,0.860759494,0.399174482,0.056910569
6495,0.924050633,0.396302042,0.024390244
7250,0.974683544,0.395059239,0.024390244
9250,0.924050633,0.395059239,0.138211382
6650,0.974683544,0.394684752,0.113821138
6990,0.987341772,0.393824666,0.138211382
7750,0.974683544,0.393623019,0.113821138
6950,0.987341772,0.390943996,0.056910569
7250,1,0.388668266,0.081300813
9950,1,0.387153857,0.138211382
9250,1,0.386174429,0.113821138
7200,0.987341772,0.383083881,0.056910569
8250,0.898734177,0.382985115,0.12195122
8950,0.987341772,0.382874004,0.081300813
8250,0.962025316,0.382713509,0.12195122
6250,1,0.382013918,0.024390244
9900,1,0.379647653,0.170731707
7300,1,0.378993329,0.056910569
8950,0.898734177,0.378273162,0.032520325
6500,0.873417722,0.378186742,0.024390244
7950,0.974683544,0.376125005,0.113821138
7450,0.936708861,0.374820473,0.081300813
7950,0.886075949,0.371890419,0.056910569
8500,0.974683544,0.371787538,0.056910569
6950,0.962025316,0.371622928,0.024390244
7950,0.974683544,0.370413047,0.073170732
6750,0.962025316,0.370367779,0.024390244
8450,0.873417722,0.37029782,0.089430894
7500,0.974683544,0.370174363,0.185365854
8750,0.924050633,0.369544731,0.18699187
8750,0.987341772,0.369293701,0.056910569
8950,0.949367089,0.368392463,0.081300813
7450,0.936708861,0.368338964,0.024390244
9200,0.860759494,0.366647599,0.138211382
8950,0.924050633,0.365017963,0.081300813
7850,0.898734177,0.364194914,0.12195122
6950,0.911392405,0.362902728,0.18699187
7200,0.936708861,0.362137293,0.081300813
7450,0.974683544,0.361079675,0.089430894
6750,0.936708861,0.360544694,0.024390244
7500,0.911392405,0.359495307,0.081300813
7450,0.898734177,0.358363615,0.056910569
7950,0.873417722,0.358022049,0.056910569
7250,0.974683544,0.358022049,0.056910569
7950,0.911392405,0.358022049,0.024390244
8250,1,0.358022049,0.024390244
8250,0.898734177,0.357445915,0.12195122
6750,1,0.354355368,0.089430894
8750,0.987341772,0.353906806,0.06504065
8950,1,0.353906806,0.081300813
8500,0.873417722,0.353347133,0.219512195
8250,1,0.352116675,0.113821138
9450,0.873417722,0.351725727,0.130081301
7950,0.911392405,0.350614612,0.081300813
7900,0.873417722,0.349791563,0.089430894
8500,0.911392405,0.34974218,0.081300813
8250,0.987341772,0.349651645,0.113821138
8250,0.949367089,0.347618714,0.113821138
8950,0.911392405,0.347330647,0.056910569
7950,0.924050633,0.346182495,0.081300813
6950,1,0.34567632,0.12195122
7250,0.974683544,0.34567632,0.105691057
7750,0.962025316,0.34567632,0.138211382
8700,0.936708861,0.345059033,0.089430894
8950,1,0.343783308,0.113821138
6750,0.949367089,0.34322775,0.113821138
7500,0.886075949,0.342758612,0.113821138
7950,0.860759494,0.342108404,0.024390244
8950,0.886075949,0.341754493,0.073170732
7950,0.886075949,0.340326503,0.081300813
7450,0.974683544,0.340223622,0.024390244
5950,0.974683544,0.339894403,0.024390244
7750,0.936708861,0.338499335,0.081300813
6950,0.962025316,0.337869703,0.024390244
8750,1,0.337532253,0.056910569
8950,0.886075949,0.337445833,0.12195122
7495,0.987341772,0.33739645,0.113821138
7750,0.949367089,0.337157766,0.113821138
6950,0.873417722,0.336058996,0.081300813
7990,0.962025316,0.331215355,0.113821138
7250,0.974683544,0.329215347,0.105691057
6900,0.860759494,0.325100103,0.024390244
7750,0.924050633,0.324663888,0.113821138
7250,0.974683544,0.323820263,0.056910569
8950,0.962025316,0.322774991,0.024390244
8500,0.886075949,0.322054823,0.081300813
7950,0.898734177,0.321478689,0.12195122
6950,0.962025316,0.316869617,0.024390244
8000,0.974683544,0.316869617,0.081300813
7950,0.936708861,0.314326396,0.089430894
8500,0.949367089,0.313857259,0.024390244
7490,0.911392405,0.313375775,0.024390244
8250,1,0.312754373,0.081300813
9250,0.886075949,0.312754373,0.113821138
7950,0.898734177,0.312095935,0.056910569
9500,0.962025316,0.31192721,0.081300813
8950,0.898734177,0.310799633,0.185365854
8450,0.974683544,0.309968354,0.081300813
7995,0.987341772,0.309964239,0.18699187
8750,0.974683544,0.309569175,0.056910569
5950,0.886075949,0.308988926,0.056910569
8500,0.911392405,0.30863913,0.12195122
8950,0.860759494,0.30863913,0
8750,0.860759494,0.30863913,0
7600,0.974683544,0.308334602,0.12195122
7145,1,0.307754353,0.113821138
8450,0.860759494,0.306881921,0.138211382
5950,0.936708861,0.30685723,0.024390244
9000,1,0.305330475,0.12195122
7250,1,0.305145289,0.081300813
7400,0.936708861,0.30491895,0.081300813
8800,0.987341772,0.304906605,0.12195122
7750,0.886075949,0.304523887,0.081300813
7500,0.936708861,0.304523887,0.024390244
8450,0.974683544,0.303034169,0.024390244
7400,0.936708861,0.302301656,0.113821138
7500,1,0.301231692,0.113821138
8950,0.949367089,0.300886012,0.12195122
8950,0.873417722,0.300466257,0.12195122
7950,0.962025316,0.299186416,0.081300813
7950,0.987341772,0.2976432,0.12195122
7950,0.974683544,0.297206984,0.113821138
8950,0.886075949,0.296820152,0.162601626
7750,0.974683544,0.296663772,0.113821138
8250,0.974683544,0.2962934,0.056910569
7950,0.974683544,0.2962934,0.089430894
7750,0.962025316,0.295881876,0.024390244
8500,0.962025316,0.295573233,0.12195122
6950,1,0.295223437,0.113821138
7500,1,0.294235779,0.056910569
7750,0.987341772,0.293655529,0.081300813
5950,0.987341772,0.293260466,0.024390244
7500,0.974683544,0.292943592,0.081300813
8950,0.898734177,0.29240038,0.073170732
7950,0.949367089,0.292178157,0.081300813
6900,1,0.291927127,0.162601626
7450,0.962025316,0.291898321,0.081300813
8500,1,0.290519714,0.130081301
7500,0.911392405,0.290046461,0.12195122
8750,0.962025316,0.288573204,0.081300813
7500,0.949367089,0.288223408,0.081300813
9950,1,0.28766785,0.113821138
7950,0.936708861,0.285544385,0.016260163
9950,0.936708861,0.285264548,0.113821138
9250,0.974683544,0.283947671,0.12195122
9250,0.911392405,0.283898288,0.056910569
9950,0.987341772,0.283721332,0.138211382
5950,0.924050633,0.281005272,0.081300813
7995,0.949367089,0.279832427,0.12195122
8950,0.873417722,0.279832427,0.073170732
7450,0.936708861,0.277573159,0
8250,0.949367089,0.276811839,0.056910569
8500,0.974683544,0.276766571,0.138211382
8500,0.873417722,0.276128708,0.12195122
9400,0.860759494,0.276095786,0.18699187
7250,1,0.275223355,0.089430894
8950,0.987341772,0.275120474,0.12195122
9450,1,0.275071091,0.12195122
8500,0.924050633,0.274556685,0.081300813
6750,1,0.272293302,0.024390244
7400,1,0.271396179,0.113821138
8950,0.974683544,0.269544319,0.024390244
6900,1,0.268750077,0.089430894
7750,0.987341772,0.268531969,0.024390244
8950,0.886075949,0.267573118,0.18699187
6950,0.936708861,0.267511389,0.024390244
8495,0.962025316,0.264523722,0.056910569
10000,0.936708861,0.263371454,0.138211382
6999,0.886075949,0.263371454,0.113821138
8950,1,0.263371454,0.089430894
8500,0.987341772,0.263034004,0.056910569
8750,0.936708861,0.261865275,0.056910569
7499,1,0.261313833,0.081300813
9000,1,0.260350866,0.056910569
8950,0.962025316,0.257589537,0.081300813
6950,1,0.257531924,0.12195122
8500,0.962025316,0.256313812,0.12195122
8450,0.962025316,0.254754135,0.105691057
8950,0.924050633,0.253906395,0.113821138
8250,0.962025316,0.253692402,0.113821138
7950,0.936708861,0.253601867,0.056910569
7450,0.873417722,0.253124498,0.056910569
9000,0.987341772,0.25170474,0.130081301
7150,0.873417722,0.251025724,0.056910569
7750,0.949367089,0.250338479,0.056910569
5845,0.873417722,0.249379627,0.097560976
8500,0.898734177,0.248898144,0.12195122
8250,1,0.248869337,0.185365854
9450,0.987341772,0.247494846,0.081300813
6750,0.860759494,0.247116243,0.081300813
8400,0.962025316,0.246910481,0.081300813
7900,0.949367089,0.246910481,0.081300813
7950,0.949367089,0.246149161,0.089430894
8750,1,0.244136807,0.138211382
9900,0.911392405,0.243782896,0.081300813
6495,0.886075949,0.243470138,0.056910569
8250,0.873417722,0.242865197,0.130081301
6900,0.860759494,0.242597706,0.081300813
7500,0.924050633,0.240548315,0.024390244
7950,0.936708861,0.240083293,0.048780488
8250,1,0.239778765,0.113821138
8950,1,0.238679995,0.089430894
9750,0.873417722,0.237976288,0.081300813
8250,1,0.237803448,0.024390244
8900,0.974683544,0.237149124,0.12195122
8950,0.936708861,0.236774637,0.081300813
6750,0.949367089,0.23564706,0.081300813
7950,0.936708861,0.235157346,0.113821138
8600,0.860759494,0.234959815,0.040650407
7750,1,0.234564751,0
7800,0.911392405,0.232778736,0.081300813
8750,0.911392405,0.231712888,0.081300813
9500,0.987341772,0.23133017,0.024390244
7750,0.924050633,0.23099272,0.056910569
9950,0.987341772,0.228083243,0.12195122
7750,0.962025316,0.224025613,0.024390244
5950,0.860759494,0.22143301,0.081300813
10950,0.949367089,0.218651106,0.113821138
9450,0.962025316,0.217692254,0.12195122
8250,1,0.216869205,0.081300813
9750,0.860759494,0.215305413,0.113821138
7450,0.974683544,0.21516961,0.185365854
8750,0.936708861,0.213988535,0.12195122
8750,0.860759494,0.213988535,0.081300813
8500,0.911392405,0.213988535,0.105691057
8950,0.873417722,0.213470014,0
7500,0.987341772,0.205046111,0.056910569
7250,0.860759494,0.204276561,0.056910569
7450,1,0.204029646,0.056910569
8750,0.949367089,0.202342396,0.073170732
9800,0.962025316,0.200976136,0.089430894
7500,0.886075949,0.199897942,0.024390244
8950,0.936708861,0.199173659,0.12195122
8950,0.924050633,0.198523451,0.056910569
7450,0.873417722,0.197342376,0.113821138
8950,0.886075949,0.196017268,0.12195122
10500,0.974683544,0.195058416,0.06504065
7000,0.911392405,0.194893806,0.016260163
8500,0.962025316,0.18726826,0.081300813
7750,0.949367089,0.186869082,0.056910569
8950,0.873417722,0.184564546,0.081300813
8250,0.860759494,0.18446578,0.12195122
9250,1,0.182893757,0.081300813
7900,0.936708861,0.179914321,0.113821138
8500,0.974683544,0.179511027,0
7950,0.949367089,0.179140655,0.113821138
9950,0.860759494,0.176128297,0.081300813
8750,0.924050633,0.174140634,0.162601626
7500,1,0.173601537,0.081300813
6950,0.898734177,0.172836102,0.081300813
8950,0.987341772,0.164988333,0.185365854
8750,0.987341772,0.163782567,0.130081301
7750,0.911392405,0.161181733,0.024390244
8450,0.936708861,0.160264034,0.081300813
8150,0.949367089,0.150354528,0.12195122
8500,0.974683544,0.148144643,0.073170732
7600,0.974683544,0.148144643,0.081300813
7950,1,0.147408014,0.024390244
7750,0.911392405,0.142864785,0.024390244
7950,1,0.139914156,0
9950,0.974683544,0.127420277,0.130081301
8950,0.886075949,0.11933794,0.073170732
8450,0.898734177,0.10699221,0.024390244
8950,0.974683544,0.098761723,0.105691057
8450,1,0.09464648,0.024390244
7500,0.860759494,0.084539443,0.040650407
10845,0.898734177,0.078185507,0.024390244
8500,0.886075949,0.070020864,0.024390244
7250,0.873417722,0.06960934,0.024390244
6950,0.949367089,0,0.185365854
